training_center_number,room_number,room_name,laboratory_studlab_id,laboratory_name,faculty_code,faculty_title,department_hint,purpose,source_url,notes
1,1101,"Учебно-научная лаборатория ""Экологического мониторинга"" горного факультета",11,"Учебно-научная лаборатория ""Экологического мониторинга""",ГФ,Горный факультет,,"определение физико-механических свойств материалов, используемых для производства локальных очистных сооружений; определение гранулометрического состава сыпучих материалов.",https://studlab.spmi.ru/11,draft from studlab
1,1102-2,"Учебно-научная лаборатория ""Экологического мониторинга"" горного факультета",11,"Учебно-научная лаборатория ""Экологического мониторинга""",ГФ,Горный факультет,,"проведение работ по моделированию очистных сооружений (аэротенк, горизонтальный отстойник); определение класса опасности отходов; подбор сорбентов для очистки стоков промышленных предприятий.",https://studlab.spmi.ru/11,draft from studlab
1,1106,"Учебно-научная лаборатория ""Экологического мониторинга"" горного факультета",11,"Учебно-научная лаборатория ""Экологического мониторинга""",ГФ,Горный факультет,,выполнение пробоподготовки для спектрального и рентгенофлуоресцентного анализов.,https://studlab.spmi.ru/11,draft from studlab
1,1107,"Учебно-научная лаборатория ""Экологического мониторинга"" горного факультета",11,"Учебно-научная лаборатория ""Экологического мониторинга""",ГФ,Горный факультет,,расчет загрязнений в программе «Эколог»; проведение работ по специальной оценке условий труда.,https://studlab.spmi.ru/11,draft from studlab
1,1112,"Учебно-научная лаборатория ""Экологического мониторинга"" горного факультета",11,"Учебно-научная лаборатория ""Экологического мониторинга""",ГФ,Горный факультет,,хранение оборудования и материалов для лабораторных исследований.,https://studlab.spmi.ru/11,draft from studlab
1,1114,"Учебно-научная лаборатория ""Экологического мониторинга"" горного факультета",11,"Учебно-научная лаборатория ""Экологического мониторинга""",ГФ,Горный факультет,,проведение работ по химическому разложению и исследованию загрязненности грунтов.,https://studlab.spmi.ru/11,draft from studlab
2,1106,"Учебная лаборатория по направлению ""Безопасность жизнедеятельности""",13,Учебная лаборатория кафедры безопасности производств,ГФ,Горный факультет,безопасности производств,"исследование параметров физических факторов производственной среды, влияющих на безопасность трудовой деятельности; оценка эффективности средств защиты от воздействия опасных и вредных производственных факторов.",https://studlab.spmi.ru/13,draft from studlab
2,1108,"Учебная лаборатория по направлению ""Аэрология горных предприятий""",13,Учебная лаборатория кафедры безопасности производств,ГФ,Горный факультет,безопасности производств,моделирование аэродинамических процессов при различных способах и режимах проветривания горных выработок и производственных объектов; исследование аэродинамических параметров вентиляционных сетей.,https://studlab.spmi.ru/13,draft from studlab
2,1116,"Учебная лаборатория по направлению ""Горноспасательное дело и безопасность производств""",13,Учебная лаборатория кафедры безопасности производств,ГФ,Горный факультет,безопасности производств,демонстрация устройства и функционирования современной техники и оборудования для ведения горноспасательных работ; демонстрация современных средств индивидуальной защиты работников.,https://studlab.spmi.ru/13,draft from studlab
2,1244,"Комплексная учебная лаборатория горного факультета ""Горное производство и безопасность""",12,"Комплексная учебная лаборатория горного факультета ""Горное производство и безопасность""",ГФ,Горный факультет,,изучение и измерение физических свойств горных пород; определение воздействий породы на буровой инструмент; обучение работе на оборудовании для взрывных работ; изучение основ электробезопасности; ознакомление с оборудованием для оценки и обеспечения безопасных условий труда в горном деле.,https://studlab.spmi.ru/12,draft from studlab
1,1123,Учебная лаборатория эксплуатации сетей газораспределения и газопотребления,4,Комплексная учебная лаборатория нефтегазового факультета,НГФ,Нефтегазовый факультет,,"техническое обслуживание, ремонт и аварийно-диспетчерское обеспечение сетей газораспределения и газопотребления; обеспечение содержания сетей газораспределения и газопотребления в исправном и безопасном состоянии.",https://studlab.spmi.ru/4,draft from studlab
1,1124,Учебная лаборатория эксплуатации сетей газораспределения и газопотребления,4,Комплексная учебная лаборатория нефтегазового факультета,НГФ,Нефтегазовый факультет,,"демонстрация работы экспериментального робототехнического устройства, применяемого для диагностики сетей газораспределения и газопотребления посредством дистанционной проверки герметичности наземных газопроводов, находящихся на высоте.",https://studlab.spmi.ru/4,draft from studlab
1,2105,"Учебная лаборатория бурового оборудования, технологий бурения и гидродинамических исследований скважин",4,Комплексная учебная лаборатория нефтегазового факультета,НГФ,Нефтегазовый факультет,,моделирование процессов бурения скважин; изучение воздействия породоразрушающего инструмента на горные породы.,https://studlab.spmi.ru/4,draft from studlab
1,2111,Учебная лаборатория глинистых и тампонажных растворов,4,Комплексная учебная лаборатория нефтегазового факультета,НГФ,Нефтегазовый факультет,,"изучение свойств буровых и тампонажных растворов, а также оборудования, необходимого для их приготовления и контроля.",https://studlab.spmi.ru/4,draft from studlab
1,2112,Учебная лаборатория моделирования разработки нефтяных и газовых месторождений,4,Комплексная учебная лаборатория нефтегазового факультета,НГФ,Нефтегазовый факультет,,"геологическое и гидродинамическое моделирование нефтегазовых месторождений, мониторинг процесса разработки, моделирования методов компонентоотдачи пластов.",https://studlab.spmi.ru/4,draft from studlab
1,2113,"Учебная лаборатория бурового оборудования, технологий бурения и гидродинамических исследований скважин",4,Комплексная учебная лаборатория нефтегазового факультета,НГФ,Нефтегазовый факультет,,изучение бурового оборудования и инструмента; закрепление и углубление знаний студентов в принципах проведения газогидродинамических исследований скважин и пластов.,https://studlab.spmi.ru/4,draft from studlab
1,2114,Учебная лаборатория моделирования бурения и капитального ремонта скважин,4,Комплексная учебная лаборатория нефтегазового факультета,НГФ,Нефтегазовый факультет,,"моделирование технологических процессов бурения, а также возникающих ходе работ осложнений при бурении скважины.",https://studlab.spmi.ru/4,draft from studlab
1,2115,"Учебная лаборатория гидравлики, диагностики и ремонта газонефтепроводов и газонефтехранилищ",4,Комплексная учебная лаборатория нефтегазового факультета,НГФ,Нефтегазовый факультет,,"эксплуатация, обслуживание, диагностика и ремонт оборудования газонефтепроводов, газонефтехранилищ и насосных и компрессорных станций; моделирование процесса управления нефтеперекачивающей станцией.",https://studlab.spmi.ru/4,draft from studlab
1,2116,Учебная лаборатория моделирования бурения и капитального ремонта скважин,4,Комплексная учебная лаборатория нефтегазового факультета,НГФ,Нефтегазовый факультет,,"моделирование технологических процессов, протекающих при бурении и капитальном ремонте скважины.",https://studlab.spmi.ru/4,draft from studlab
1,2117,Учебная лаборатория эксплуатации нефтяных и газовых скважин,4,Комплексная учебная лаборатория нефтегазового факультета,НГФ,Нефтегазовый факультет,,"эксплуатация нефтяных и газовых скважин, изучение принципов проведения газогидродинамических исследований скважин и пластов.",https://studlab.spmi.ru/4,draft from studlab
1,2118,Учебная лаборатория моделирования бурения и капитального ремонта скважин,4,Комплексная учебная лаборатория нефтегазового факультета,НГФ,Нефтегазовый факультет,,"моделирование технологических процессов, протекающих при капитальном ремонте скважины.",https://studlab.spmi.ru/4,draft from studlab
1,3314,Учебная лаборатория трехмерной визуализации нефтегазопромысловых объектов,4,Комплексная учебная лаборатория нефтегазового факультета,НГФ,Нефтегазовый факультет,,"обучение и подготовка студентов в условиях, максимально приближенных к нефтегазопромысловым, и отработка нештатных аварийных ситуаций с использованием программно-аппаратной системы виртуальной реальности; проведение курсов повышения квалификации и переподготовки специалистов нефтегазодобывающих компаний, а также обучение студентов в рамках образовательной программы «Оператор по добыче нефти и газа».",https://studlab.spmi.ru/4,draft from studlab
1,3316,Учебная лаборатория трехмерной визуализации нефтегазопромысловых объектов,4,Комплексная учебная лаборатория нефтегазового факультета,НГФ,Нефтегазовый факультет,,тренировка студентов по программам: управление подводным нефтегазодобычным комплексом и управление нефтяным и газовым месторождением на суше.,https://studlab.spmi.ru/4,draft from studlab
1,3420,"Лаборатория ""Газогенераторная и компрессорная техника""",4,Комплексная учебная лаборатория нефтегазового факультета,НГФ,Нефтегазовый факультет,,изучение устройства и моделирование технологических операций по эксплуатации газогенераторной и компрессорной техники на специализированном программном обеспечении.,https://studlab.spmi.ru/4,draft from studlab
1,3428,Учебная лаборатория программ по направлению транспортировка и разработка нефтегазовых месторождений,4,Комплексная учебная лаборатория нефтегазового факультета,НГФ,Нефтегазовый факультет,,изучение основных законов гидравлики; ознакомление с некоторыми типами гидравлических машин; изучение фильтрационно-емкостных свойств горных пород – коллекторов; ознакомление с методами и средствами неразрушающего контроля состояния объектов транспорта и хранения нефти и газа.,https://studlab.spmi.ru/4,draft from studlab
2,3101,"Лаборатория ""Устройства и конструкции Автотранспортных средств""",17,Учебно-научная лаборатория транспортно-технологических процессов и машин,ММФ,Механико-машиностроительный факультет,,"изучение устройства и конструкции автотранспортных средств; изучение устройства и конструкции автомобильных колес; техническое обслуживание, монтаж и ремонт автомобильных колес.",https://studlab.spmi.ru/17,draft from studlab
2,3102,"Лаборатория ""Диагностирование современных бензиновых двигателей""",17,Учебно-научная лаборатория транспортно-технологических процессов и машин,ММФ,Механико-машиностроительный факультет,,изучение устройства и конструкции современных бензиновых двигателей; диагностирование современных бензиновых двигателей; техническое обслуживание современных бензиновых двигателей.,https://studlab.spmi.ru/17,draft from studlab
2,3103,"Лаборатория ""Диагностирование современных дизельных двигателей""",17,Учебно-научная лаборатория транспортно-технологических процессов и машин,ММФ,Механико-машиностроительный факультет,,изучение устройства и конструкции современных дизельных двигателей; диагностирование современных дизельных двигателей; техническое обслуживание современных дизельных двигателей; изучение устройства и конструкции мультиплекса.,https://studlab.spmi.ru/17,draft from studlab
2,3104,"Лаборатория ""Обеспечение работоспособного состояния АТ""",17,Учебно-научная лаборатория транспортно-технологических процессов и машин,ММФ,Механико-машиностроительный факультет,,изучение устройства и конструкции современного автомобильного транспорта; техническое обслуживание и ремонт современного автомобильного транспорта; обеспечение работоспособного состояния автомобильного транспорта.,https://studlab.spmi.ru/17,draft from studlab
2,3308,"Лаборатория ""Транспортно-технологических машин""",17,Учебно-научная лаборатория транспортно-технологических процессов и машин,ММФ,Механико-машиностроительный факультет,,изучение устройства и конструкции современных транспортно-технологических машин; техническое обслуживание и ремонт современных транспортно-технологических машин.,https://studlab.spmi.ru/17,draft from studlab
2,3401,"Лаборатория ""Безопасности дорожного движения и интеллектуальных транспортных средств""",17,Учебно-научная лаборатория транспортно-технологических процессов и машин,ММФ,Механико-машиностроительный факультет,,изучение организации безопасности дорожного движения; изучение интеллектуальных транспортных средств.,https://studlab.spmi.ru/17,draft from studlab
1,3528,"Учебная лаборатория кафедры метрологии, приборостроения и управления качеством",14,"Учебная лаборатория кафедры метрологии, приборостроения и управления качеством",ММФ,Механико-машиностроительный факультет,"метрологии, приборостроения и управления качеством",обучение проведению точных измерений и контролю состояния средств измерений; обучение студентов процедуре проведения калибровки и поверки средств измерений.,https://studlab.spmi.ru/14,draft from studlab
2,3610,"Лаборатория ""Гидропривод и механика жидкости и газа""",18,Учебная лаборатория кафедры транспортно-технологических процессов и машин,ММФ,Механико-машиностроительный факультет,транспортно-технологических процессов и машин,экспериментальные исследование простых и сложных сплошных сред; физическое моделирование гидродинамических процессов.,https://studlab.spmi.ru/18,draft from studlab
2,3701,"Лаборатория ""Неразрушающий контроль и мониторинг оборудования""",18,Учебная лаборатория кафедры транспортно-технологических процессов и машин,ММФ,Механико-машиностроительный факультет,транспортно-технологических процессов и машин,"экспериментальные исследования оборудования приборами неразрушающего контроля: вибромониторинг узлов вращения роторного оборудования; определение точек измерения внутренних напряжений в сварных стальных деталях, толщины покрытий деталей, величины шероховатости поверхности деталей; тепловое, магнитное и ультразвуковое исследование различных образцов.",https://studlab.spmi.ru/18,draft from studlab
2,3704,"Лаборатория ""Непрерывный горный транспорт""",18,Учебная лаборатория кафедры транспортно-технологических процессов и машин,ММФ,Механико-машиностроительный факультет,транспортно-технологических процессов и машин,"изучение конструкций и особенностей основных узлов горных транспортных установок непрерывного действия: ленточных конвейеров, винтовых конвейеров и вибрационных конвейеров.",https://studlab.spmi.ru/18,draft from studlab
2,3706,"Лаборатория ""Цикличный горный транспорт""",18,Учебная лаборатория кафедры транспортно-технологических процессов и машин,ММФ,Механико-машиностроительный факультет,транспортно-технологических процессов и машин,"изучение конструкций горных транспортных машин цикличного действия: карьерного автотранспорта, погрузочного электротранспорта, подъёмно-транспортного оборудования и железнодорожного транспорта; изучение основных параметров шахтных вагонеток, скипов, железнодорожных грузовых вагонов, основных элементов железнодорожного транспортного пути карьеров и шахт.",https://studlab.spmi.ru/18,draft from studlab
1,5506,Керамическая мастерская-лаборатория,16,Учебная лаборатория кафедры материаловедения и технологии художественных изделий,ММФ,Механико-машиностроительный факультет,материаловедения и технологии художественных изделий,"изучение технологий изготовления керамических изделий, эмалирования и покрытий; изучение окислительных процессов углеродистых и легированных сталей; металлографические исследования структур коррозионного поражения; изучение механических свойств покрытий.",https://studlab.spmi.ru/16,draft from studlab
1,5412,Лаборатория лазерных технологий,16,Учебная лаборатория кафедры материаловедения и технологии художественных изделий,ММФ,Механико-машиностроительный факультет,материаловедения и технологии художественных изделий,применение лазерных технологий в машиностроении и художественной обработке материалов.,https://studlab.spmi.ru/16,draft from studlab
1,5404,Учебная лаборатория станков с ЧПУ,15,Учебная лаборатория кафедры машиностроения,ММФ,Механико-машиностроительный факультет,машиностроения,обработка деталей с помощью автоматизированных станков; осуществление вспомогательных операций автоматического производства.,https://studlab.spmi.ru/15,draft from studlab
1,5405,Учебная лаборатория технологии машиностроения,15,Учебная лаборатория кафедры машиностроения,ММФ,Механико-машиностроительный факультет,машиностроения,"изучение технологических процессов, применяемых на предприятиях машиностроения при изготовлении машин требуемого качества.",https://studlab.spmi.ru/15,draft from studlab
1,5407,Учебная лаборатория трения и надежности деталей машин,15,Учебная лаборатория кафедры машиностроения,ММФ,Механико-машиностроительный факультет,машиностроения,"изучение технологических процессов, возникающих при взаимодействии деталей машин; обучение выбору технически и экономически оправданных методов производства изделий машиностроения.",https://studlab.spmi.ru/15,draft from studlab
1,5408,Учебная лаборатория средств измерения,15,Учебная лаборатория кафедры машиностроения,ММФ,Механико-машиностроительный факультет,машиностроения,"изучение измерительных приборов, методов и средств обеспечения единства измерений; изучение способов достижения требуемой точности.",https://studlab.spmi.ru/15,draft from studlab
1,5409,Учебная лаборатория технологии конструкционных материалов,15,Учебная лаборатория кафедры машиностроения,ММФ,Механико-машиностроительный факультет,машиностроения,"изучение технологических свойств конструкционных материалов, применяемых при изготовлении деталей машин и механизмов.",https://studlab.spmi.ru/15,draft from studlab
1,5410,Учебная лаборатория торфяной механики,15,Учебная лаборатория кафедры машиностроения,ММФ,Механико-машиностроительный факультет,машиностроения,"изучение физических и технологических свойств торфяного сырья, для обоснованного выбора инструментов и технологий добычи и переработки торфа.",https://studlab.spmi.ru/15,draft from studlab
1,5411,Учебная экспериментальная лаборатория,15,Учебная лаборатория кафедры машиностроения,ММФ,Механико-машиностроительный факультет,машиностроения,"оценка механических и физических свойств и характеристик материалов и компонентов после испытаний на растяжение, сжатие, изгиб, хрупкое и вязкое разрушение.",https://studlab.spmi.ru/15,draft from studlab
1,5500,Учебная лаборатория станков с ЧПУ,15,Учебная лаборатория кафедры машиностроения,ММФ,Механико-машиностроительный факультет,машиностроения,обработка деталей с помощью автоматизированных станков; осуществление вспомогательных операций автоматического производства.,https://studlab.spmi.ru/15,draft from studlab
1,5507,Учебная лаборатория горных машин,15,Учебная лаборатория кафедры машиностроения,ММФ,Механико-машиностроительный факультет,машиностроения,"получение навыков в проектировании, эксплуатации и ремонте горных машин.",https://studlab.spmi.ru/15,draft from studlab
1,5508,Учебная лаборатория исследования свойств конструкционных материалов,15,Учебная лаборатория кафедры машиностроения,ММФ,Механико-машиностроительный факультет,машиностроения,"исследование свойств материалов, используемых при производстве горного оборудования и машин.",https://studlab.spmi.ru/15,draft from studlab
2,3301,Учебная лаборатория радиоэлектронных систем и робототехники,24,Учебная лаборатория кафедры электронных систем,ЭФ,Энергетический факультет,электронных систем,изучение и разработка интеллектуальных измерительно-управляющих систем на базе контроллеров PXI компании National Instruments и средств разработки виртуальных приборов LabView (2013).,https://studlab.spmi.ru/24,draft from studlab
3,431,Учебная лаборатория общей электротехники,25,Учебная лаборатория кафедры общей электротехники,ЭФ,Энергетический факультет,общей электротехники,"получение навыков сборки электрических цепей, измерения токов и напряжений на отдельных участках цепи; проведение экспериментальных исследований и снятие характеристик в цепях постоянного и переменного токов.",https://studlab.spmi.ru/25,draft from studlab
3,432,Учебная лаборатория общей электротехники,25,Учебная лаборатория кафедры общей электротехники,ЭФ,Энергетический факультет,общей электротехники,"получение навыков сборки электрических цепей, измерения токов и напряжений на отдельных участках цепи; проведение экспериментальных исследований и снятие характеристик в цепях постоянного и переменного токов; проведение экспериментальных исследований в области управления электроприводом двигателей.",https://studlab.spmi.ru/25,draft from studlab
3,433,Учебная лаборатория общей электротехники,25,Учебная лаборатория кафедры общей электротехники,ЭФ,Энергетический факультет,общей электротехники,"экспериментальное изучение фундаментальных свойств и явлений в проводниковых, полупроводниковых, диэлектрических и магнитных материалах электротехники и электроники; изучение свойств электротехнических материалов, проявляющихся в электромагнитных полях и при различных условиях окружающей среды; изучение работы активных и пассивных фильтров в сетях переменного тока; изучение работы установки компенсации реактивной мощности.",https://studlab.spmi.ru/25,draft from studlab
2,3403,"Учебная лаборатория ""Электрические цепи""",23,Учебная лаборатория кафедры электроэнергетики и электромеханики,ЭФ,Энергетический факультет,электроэнергетики и электромеханики,ознакомление с характеристиками основных электротехнических элементов и цепей на их основе; создание и исследование электрических цепей на базе основных элементов при использовании цифровых и виртуальных электроизмерительных приборов.,https://studlab.spmi.ru/23,draft from studlab
2,3404,"Учебная лаборатория ""Электроснабжение""",23,Учебная лаборатория кафедры электроэнергетики и электромеханики,ЭФ,Энергетический факультет,электроэнергетики и электромеханики,"ознакомление с устройством и характеристиками электротехнических, электромеханических и электронных аппаратов и приборов; создание и исследование электрических цепей при использовании различных электроизмерительных приборов и аппаратов.",https://studlab.spmi.ru/23,draft from studlab
2,3408,"Учебная лаборатория ""Электронная и преобразовательная техника""",23,Учебная лаборатория кафедры электроэнергетики и электромеханики,ЭФ,Энергетический факультет,электроэнергетики и электромеханики,"ознакомление с современной электронной и преобразовательной техникой, её устройством и характеристиками; создание и исследование электрических цепей с применением электронной и преобразовательной техники при использовании различных электроизмерительных приборов и аппаратов.",https://studlab.spmi.ru/23,draft from studlab
2,3501,"Учебная лаборатория ""Электрические аппараты""",23,Учебная лаборатория кафедры электроэнергетики и электромеханики,ЭФ,Энергетический факультет,электроэнергетики и электромеханики,"ознакомление с устройством, характеристиками и принципами функционирования электрических аппаратов; создание и исследование силовых цепей и цепей управления электрических аппаратов при использовании различных электроизмерительных приборов.",https://studlab.spmi.ru/23,draft from studlab
2,3506,"Учебная лаборатория ""Электрические машины""",23,Учебная лаборатория кафедры электроэнергетики и электромеханики,ЭФ,Энергетический факультет,электроэнергетики и электромеханики,"ознакомление с устройством, характеристиками и принципами функционирования основных типов электрических машин; создание и испытание силовых цепей и цепей управления электрических машин при использовании различных электроизмерительных приборов и аппаратов.",https://studlab.spmi.ru/23,draft from studlab
2,3508,"Учебная лаборатория ""Электропривод""",23,Учебная лаборатория кафедры электроэнергетики и электромеханики,ЭФ,Энергетический факультет,электроэнергетики и электромеханики,"ознакомление с устройством и характеристиками электротехнических, электромеханических и электронных аппаратов и приборов систем электропривода; создание и исследование реальных и виртуальных моделей систем электропривода при использовании приборов и аппаратов для сбора, обработки и визуализации результатов измерений; анализ полученных результатов и принятие решений по возможным воздействиям на электропривод.",https://studlab.spmi.ru/23,draft from studlab
2,3606,"Учебная лаборатория ""Электроавтоматика""",23,Учебная лаборатория кафедры электроэнергетики и электромеханики,ЭФ,Энергетический факультет,электроэнергетики и электромеханики,"ознакомление с устройством, характеристиками и принципами функционирования систем автоматизации и элементов; создание и исследование цепей из элементов систем автоматизации при использовании различных электроизмерительных приборов и аппаратов.",https://studlab.spmi.ru/23,draft from studlab
2,3608,"Учебная лаборатория ""Энергоэффективность""",23,Учебная лаборатория кафедры электроэнергетики и электромеханики,ЭФ,Энергетический факультет,электроэнергетики и электромеханики,"ознакомление с устройством, характеристиками и принципами функционирования современных энергоэффективных средств, систем электроснабжения и электропривода; создание энергоэффективных средств, систем электроснабжения и электропривода; испытание энергоэффективных средств, систем электроснабжения и электропривода при использовании различных методов и средств, направленных на повышение энергоэффективности.",https://studlab.spmi.ru/23,draft from studlab
2,1332,Учебная лаборатория теплотехники и теплоэнергетики,22,Учебная лаборатория кафедры теплотехники и теплоэнергетики,ЭФ,Энергетический факультет,теплотехники и теплоэнергетики,изучение современного пластинчатого теплообменника; определение удельной теплоёмкости воздуха при постоянном давлении; проверка температурной шкалы Кельвина; определение отношения теплоёмкостей воздуха; изучение теплообмена при различных режимах кипения жидкости; изучение дроссель-эффекта при дросселировании воздуха; изучение теплообмена излучением; исследование теплоотдачи при пузырьковом кипении жидкости.,https://studlab.spmi.ru/22,draft from studlab
3,904,Лаборатория литологии и микропалеонтологии,10,Учебная лаборатория кафедры исторической и динамической геологии,ГРФ,Геологоразведочный факультет,исторической и динамической геологии,просмотр и макроскопическое определение образцов различных типов осадочных пород; просмотр и микроскопическое определение различных типов осадочных пород; составление литологических профилей и литологических колонок для различных типов осадочных пород; составление палеогеографических схем для различных типов фаций.,https://studlab.spmi.ru/10,draft from studlab
3,905,Лаборатория литологии и микропалеонтологии,10,Учебная лаборатория кафедры исторической и динамической геологии,ГРФ,Геологоразведочный факультет,исторической и динамической геологии,просмотр и макроскопическое определение образцов различных типов осадочных пород; просмотр и микроскопическое определение различных типов осадочных пород; составление литологических профилей и литологических колонок для различных типов осадочных пород; составление палеогеографических схем для различных типов фаций.,https://studlab.spmi.ru/10,draft from studlab
3,1004,Лаборатория исторической геологии и палеонтологии,10,Учебная лаборатория кафедры исторической и динамической геологии,ГРФ,Геологоразведочный факультет,исторической и динамической геологии,работа с геологическими и тектоническими картами; изучение эталонных и рабочих коллекций основных групп ископаемых беспозвоночных животных; изучение и описание образцов коллекций осадочных горных пород.,https://studlab.spmi.ru/10,draft from studlab
3,1005,"Лаборатория региональной, структурной геологии и геотектоники",10,Учебная лаборатория кафедры исторической и динамической геологии,ГРФ,Геологоразведочный факультет,исторической и динамической геологии,"работа с геологическими и тектоническими картами; изучение геологического строения регионов; составление тематических карт: геологических, тектонических, карт полезных ископаемых и других.",https://studlab.spmi.ru/10,draft from studlab
3,550,Лаборатория общей геологии,10,Учебная лаборатория кафедры исторической и динамической геологии,ГРФ,Геологоразведочный факультет,исторической и динамической геологии,"просмотр и макроскопическое определение образцов минералов, горных пород и руд; работа с геологическими картами и разрезами.",https://studlab.spmi.ru/10,draft from studlab
1,4303,"Учебная лаборатория минералогии, кристаллографии и петрографии",7,"Учебная лаборатория кафедры минералогии, кристаллографии и петрографии",ГРФ,Геологоразведочный факультет,"минералогии, кристаллографии и петрографии",обучение методам микроскопической диагностики минералов и горных пород.,https://studlab.spmi.ru/7,draft from studlab
1,4305,"Учебная лаборатория минералогии, кристаллографии и петрографии",7,"Учебная лаборатория кафедры минералогии, кристаллографии и петрографии",ГРФ,Геологоразведочный факультет,"минералогии, кристаллографии и петрографии",обучение методам микроскопической диагностики минералов и горных пород.,https://studlab.spmi.ru/7,draft from studlab
1,4307,"Учебная лаборатория минералогии, кристаллографии и петрографии",7,"Учебная лаборатория кафедры минералогии, кристаллографии и петрографии",ГРФ,Геологоразведочный факультет,"минералогии, кристаллографии и петрографии",обучение методам микроскопической диагностики минералов и горных пород.,https://studlab.spmi.ru/7,draft from studlab
1,4309,Специализированная аудитория для лабораторно-практических занятий,7,"Учебная лаборатория кафедры минералогии, кристаллографии и петрографии",ГРФ,Геологоразведочный факультет,"минералогии, кристаллографии и петрографии",обучение методам визуальной диагностики минералов и горных пород.,https://studlab.spmi.ru/7,draft from studlab
1,4311,Специализированная аудитория для лабораторно-практических занятий,7,"Учебная лаборатория кафедры минералогии, кристаллографии и петрографии",ГРФ,Геологоразведочный факультет,"минералогии, кристаллографии и петрографии",обучение методам визуальной диагностики минералов и горных пород.,https://studlab.spmi.ru/7,draft from studlab
1,4313,Специализированная аудитория для лабораторно-практических занятий,7,"Учебная лаборатория кафедры минералогии, кристаллографии и петрографии",ГРФ,Геологоразведочный факультет,"минералогии, кристаллографии и петрографии",обучение методам визуальной диагностики минералов и горных пород.,https://studlab.spmi.ru/7,draft from studlab
1,4315,Специализированная аудитория для лабораторно-практических занятий,7,"Учебная лаборатория кафедры минералогии, кристаллографии и петрографии",ГРФ,Геологоразведочный факультет,"минералогии, кристаллографии и петрографии",обучение методам визуальной диагностики минералов и горных пород.,https://studlab.spmi.ru/7,draft from studlab
1,4601,"Учебная лаборатория ""Природных резервуаров и петрофизических свойств пород""",9,"Учебная лаборатория ""Природных резервуаров и петрофизических свойств пород"" кафедры геологии нефти и газа",ГРФ,Геологоразведочный факультет,геологии нефти и газа,"обеспечение условий работы с керновым материалом для его последующего описания и оценки коллекторского потенциала; установление связи теории и практики на основе экспериментальных исследований в области изучения различных свойств образцов керна: фильтрационно-емкостных, акустических, электрических.",https://studlab.spmi.ru/9,draft from studlab
1,4609,"Учебная лаборатория ""Разведочной геофизики""",8,"Учебная лаборатория ""Разведочной геофизики"" кафедры геофизики",ГРФ,Геологоразведочный факультет,геофизики,изучение современных геофизических аппаратурных комплексов исследования скважин; изучение методик поисков и разведки месторождений полезных ископаемых с использованием различных геофизических методов; выполнение петрофизических исследований образцов горных пород.,https://studlab.spmi.ru/8,draft from studlab
1,4507,Учебная лаборатория рудной микроскопии,6,Учебная лаборатория кафедры геологии и разведки месторождений полезных ископаемых,ГРФ,Геологоразведочный факультет,геологии и разведки месторождений полезных ископаемых,обучение минераграфическим методам исследования; изучение образцов руд под микроскопом.,https://studlab.spmi.ru/6,draft from studlab
1,4510,Специализированная аудитория для лабораторно-практических занятий,6,Учебная лаборатория кафедры геологии и разведки месторождений полезных ископаемых,ГРФ,Геологоразведочный факультет,геологии и разведки месторождений полезных ископаемых,работа с коллекцией образцов месторождений неметаллических полезных ископаемых.,https://studlab.spmi.ru/6,draft from studlab
1,4512,Специализированная аудитория для лабораторно-практических занятий,6,Учебная лаборатория кафедры геологии и разведки месторождений полезных ископаемых,ГРФ,Геологоразведочный факультет,геологии и разведки месторождений полезных ископаемых,"хранение коллекций образцов металлических, неметаллических и горючих полезных ископаемых и геологической графики; работа с каменным материалом, привезенным студентами с производственных практик.",https://studlab.spmi.ru/6,draft from studlab
1,4514,Специализированная аудитория для лабораторно-практических занятий,6,Учебная лаборатория кафедры геологии и разведки месторождений полезных ископаемых,ГРФ,Геологоразведочный факультет,геологии и разведки месторождений полезных ископаемых,работа с коллекцией образцов месторождений металлических полезных ископаемых.,https://studlab.spmi.ru/6,draft from studlab
3,549,Специализированная аудитория для лабораторно-практических занятий,6,Учебная лаборатория кафедры геологии и разведки месторождений полезных ископаемых,ГРФ,Геологоразведочный факультет,геологии и разведки месторождений полезных ископаемых,работа с коллекцией образцов минералов и горных пород; работа с геологической графикой.,https://studlab.spmi.ru/6,draft from studlab
1,3201,Учебная лаборатория водных свойств горных пород,5,Учебная лаборатория кафедры гидрогеологии и инженерной геологии,ГРФ,Геологоразведочный факультет,гидрогеологии и инженерной геологии,освоение приборов и оборудования для определения физических и водных свойств горных пород и методов определения химического состава воды.,https://studlab.spmi.ru/5,draft from studlab
1,3203,Учебная лаборатория физико-механических свойств грунтов,5,Учебная лаборатория кафедры гидрогеологии и инженерной геологии,ГРФ,Геологоразведочный факультет,гидрогеологии и инженерной геологии,"освоение приборов и оборудования для определения физических, водных и механических свойств горных пород, их гранулометрического состава.",https://studlab.spmi.ru/5,draft from studlab
1,3109,Комплексная учебная лаборатория сопротивления материалов,21,Учебная лаборатория кафедры механики,СФ,Строительный факультет,механики,определение количественных значений механических характеристик различных материалов; изучение экспериментальных методов определения механических величин и получение практических навыков в постановке опытов и проведении испытаний.,https://studlab.spmi.ru/21,draft from studlab
2,1324,Учебный маркшейдерско-геодезический полигон,20,Межкафедральная учебно-научная лаборатория вычислительной техники и маркшейдерско-геодезических приборов,СФ,Строительный факультет,,обучение работе с маркшейдерско-геодезическими приборами и картами.,https://studlab.spmi.ru/20,draft from studlab
2,1322,Геокамера,20,Межкафедральная учебно-научная лаборатория вычислительной техники и маркшейдерско-геодезических приборов,СФ,Строительный факультет,,методическое обеспечение лабораторных работ; хранение маркшейдерско-геодезического оборудования; обеспечение технического обслуживания и ремонта оборудования.,https://studlab.spmi.ru/20,draft from studlab
1,1044,Лаборатория геомеханики и строительных материалов,19,Межкафедральная лаборатория геомеханики и строительных материалов,СФ,Строительный факультет,,исследование напряжений в несущих конструкциях зданий и сооружений приборами неразрушающего контроля; проведение испытаний строительных материалов и конструкций приборами разрушающего контроля; проведение геотехнических испытаний устойчивости грунтового массива; определение прочностных свойств горных пород.,https://studlab.spmi.ru/19,draft from studlab
3,842,Многофункциональная учебная лаборатория общей химии,3,Многофункциональная учебная лаборатория общей химии в Инженерном корпусе,ФПМС,Факультет переработки минерального сырья,,"изучение и исследование химических явлений и процессов; приобретение навыков в работе с химическими реактивами, химической посудой и оборудованием с помощью теоретических и экспериментальных методов общей химии.",https://studlab.spmi.ru/3,draft from studlab
3,843,Многофункциональная учебная лаборатория общей химии,3,Многофункциональная учебная лаборатория общей химии в Инженерном корпусе,ФПМС,Факультет переработки минерального сырья,,"изучение и исследование химических явлений и процессов; приобретение навыков в работе с химическими реактивами, химической посудой и оборудованием с помощью теоретических и экспериментальных методов общей химии.",https://studlab.spmi.ru/3,draft from studlab
3,844,Многофункциональная учебная лаборатория общей химии,3,Многофункциональная учебная лаборатория общей химии в Инженерном корпусе,ФПМС,Факультет переработки минерального сырья,,"изучение и исследование химических явлений и процессов; приобретение навыков в работе с химическими реактивами, химической посудой и оборудованием с помощью теоретических и экспериментальных методов общей химии.",https://studlab.spmi.ru/3,draft from studlab
3,845,Многофункциональная учебная лаборатория общей химии,3,Многофункциональная учебная лаборатория общей химии в Инженерном корпусе,ФПМС,Факультет переработки минерального сырья,,"изучение и исследование химических явлений и процессов; приобретение навыков в работе с химическими реактивами, химической посудой и оборудованием с помощью теоретических и экспериментальных методов общей химии.",https://studlab.spmi.ru/3,draft from studlab
3,840,Многофункциональная учебная лаборатория общей химии,3,Многофункциональная учебная лаборатория общей химии в Инженерном корпусе,ФПМС,Факультет переработки минерального сырья,,"проведение занятий по допуску к лабораторным работам, обработке результатов, составлению отчётов; проведение защит лабораторных работ.",https://studlab.spmi.ru/3,draft from studlab
1,3120,Многофункциональная учебная лаборатория процессов обогащения полезных ископаемых,1,Комплексная учебная лаборатория факультета переработки минерального сырья,ФПМС,Факультет переработки минерального сырья,,"моделирование процессов механической переработки минерального сырья с целью извлечения ценных компонентов и удаления пустой породы и вредных примесей, которые не представляют практической ценности в промышленности и народном хозяйстве.",https://studlab.spmi.ru/1,draft from studlab
1,3122,Многофункциональная учебная лаборатория процессов обогащения полезных ископаемых,1,Комплексная учебная лаборатория факультета переработки минерального сырья,ФПМС,Факультет переработки минерального сырья,,"моделирование процессов переработки минерального сырья с целью извлечения ценных компонентов и удаления пустой породы и вредных примесей, которые не представляют практической ценности в промышленности и народном хозяйстве.",https://studlab.spmi.ru/1,draft from studlab
1,3320,Учебная лаборатория процессов металлургии и физической химии,1,Комплексная учебная лаборатория факультета переработки минерального сырья,ФПМС,Факультет переработки минерального сырья,,моделирование важнейших процессов металлургии для их исследования и управления в металлургической промышленности; исследование физико-химических процессов и явлений с помощью теоретических и экспериментальных методов физики и химии.,https://studlab.spmi.ru/1,draft from studlab
1,3322,Специализированная учебная лаборатория процессов физической химии и химических технологий с препараторскими помещениями,1,Комплексная учебная лаборатория факультета переработки минерального сырья,ФПМС,Факультет переработки минерального сырья,,"моделирование различных технологических процессов: кинетики и термодинамики, материальных и тепловых потоков; изучение оборудования и параметров оптимизации.",https://studlab.spmi.ru/1,draft from studlab
1,3325,"Учебная лаборатория процессов обогащения полезных ископаемых, металлургии и физической химии",1,Комплексная учебная лаборатория факультета переработки минерального сырья,ФПМС,Факультет переработки минерального сырья,,"моделирование процессов механической переработки минерального сырья с целью извлечения ценных компонентов и удаления пустой породы и вредных примесей, которые не представляют практической ценности в промышленности; исследование химических явлений с помощью теоретических и экспериментальных методов физики.",https://studlab.spmi.ru/1,draft from studlab
1,3327,Специализированная учебная лаборатория процессов физической химии и химических технологий с препараторскими помещениями,1,Комплексная учебная лаборатория факультета переработки минерального сырья,ФПМС,Факультет переработки минерального сырья,,"моделирование различных технологических процессов: кинетики и термодинамики, материальных и тепловых потоков; изучение оборудования и параметров оптимизации.",https://studlab.spmi.ru/1,draft from studlab
1,3429,Многофункциональная учебная лаборатория общего назначения,1,Комплексная учебная лаборатория факультета переработки минерального сырья,ФПМС,Факультет переработки минерального сырья,,исследование физико-химических процессов и явлений с помощью теоретических и экспериментальных методов химии и физики.,https://studlab.spmi.ru/1,draft from studlab
1,3432,Учебная лаборатория общего назначения процессов металлургии и химических технологий,1,Комплексная учебная лаборатория факультета переработки минерального сырья,ФПМС,Факультет переработки минерального сырья,,моделирование важнейших процессов металлургии для их исследования и управления в металлургической промышленности.,https://studlab.spmi.ru/1,draft from studlab
1,7221,Лаборатория автоматизированных систем управления,2,Учебная лаборатория кафедры автоматизации технологических процессов и производств,ФПМС,Факультет переработки минерального сырья,автоматизации технологических процессов и производств,"исследование пневматических и гидравлических систем; изучение свойств электрических двигателей постоянного и переменного тока; исследование непрерывных технологических процессов; моделирование и настройка сети; программирование панели оператора и ПЛК, применяемых в гидрометаллургии.",https://studlab.spmi.ru/2,draft from studlab
1,3214,Учебная лаборатория кафедры автоматизации технологических процессов и производств,2,Учебная лаборатория кафедры автоматизации технологических процессов и производств,ФПМС,Факультет переработки минерального сырья,автоматизации технологических процессов и производств,"изучение принципов управления технологическими объектами; изучение технических характеристик, особенностей работы и настройки технических средств автоматизации: датчиков технологических параметров, регуляторов и ПЛК, силовых преобразователей частоты и исполнительных устройств – при работе с физической моделью (макетом) гидравлической системы; изучение основ программирования промышленных контроллеров с целью автоматизации управления физическими объектами промышленного назначения и получения практического опыта автоматизации объектов, являющихся макетами реальных объектов.",https://studlab.spmi.ru/2,draft from studlab
3,231,Лаборатория физики твердого тела и ядерной физики,26,Комплексная учебная лаборатория общей физики,ИБИО,Институт базового инженерного образования,,изучение и исследование явлений квантовой механики и ядерной физики.,https://studlab.spmi.ru/26,draft from studlab
3,233,"Лаборатория ""Электромагнетизма""",26,Комплексная учебная лаборатория общей физики,ИБИО,Институт базового инженерного образования,,изучение и исследование явлений электромагнетизма.,https://studlab.spmi.ru/26,draft from studlab
3,234,"Лаборатория ""Электромагнетизма""",26,Комплексная учебная лаборатория общей физики,ИБИО,Институт базового инженерного образования,,изучение и исследование явлений электромагнетизма.,https://studlab.spmi.ru/26,draft from studlab
3,235,Лаборатория механики и молекулярной физики,26,Комплексная учебная лаборатория общей физики,ИБИО,Институт базового инженерного образования,,изучение и исследование физических явлений и процессов в механике и молекулярной физике.,https://studlab.spmi.ru/26,draft from studlab
3,236,Лаборатория виртуальных физических экспериментов,26,Комплексная учебная лаборатория общей физики,ИБИО,Институт базового инженерного образования,,изучение и исследование физических явлений и процессов в механике и молекулярной физике посредством виртуального физического эксперимента.,https://studlab.spmi.ru/26,draft from studlab
3,428,Лаборатория волновой и квантовой оптики,26,Комплексная учебная лаборатория общей физики,ИБИО,Институт базового инженерного образования,,изучение и исследование физических явлений и процессов в волновой и квантовой оптике.,https://studlab.spmi.ru/26,draft from studlab
3,430,Лаборатория современных оптических технологий,26,Комплексная учебная лаборатория общей физики,ИБИО,Институт базового инженерного образования,,изучение и исследование физических явлений и процессов в волновой и квантовой оптике с помощью современных оптических технологий.,https://studlab.spmi.ru/26,draft from studlab
